Actual_Charging_Demand,Predicted_Charging_Demand,Residual
95.78939403,100.1857276053456,-4.396333575345608
16.72103195,18.806996702621035,-2.0859647526210345
81.63796382,78.55034146945694,3.0876223505430573
24.96055806,23.738945549176584,1.221612510823416
20.64215511,22.206888660672213,-1.5647335506722122
67.37379364,63.2341816338774,4.139612006122604
63.39779311,67.79313638681107,-4.395343276811069
71.58313166,73.95965942829439,-2.3765277682943804
69.29338452,64.87934034375544,4.414044176244559
19.26286139,20.954707655580073,-1.6918462655800717
59.91068458,59.782334338456096,0.12835024154390595
39.68585276,35.44161273939274,4.244240020607265
38.61234192,33.72042231678674,4.89191960321326
15.40961226,20.34961083758634,-4.939998577586341
77.30534129,76.33254744857143,0.9727938414285688
45.11829856,43.31741097359031,1.8008875864096865
27.7222881,29.179311547326744,-1.457023447326744
41.93293085,41.83654328183869,0.09638756816130467
26.15677897,28.751477422391346,-2.594698452391345
86.61466002,90.27243600007812,-3.6577759800781138
35.98731646,34.894499377088636,1.0928170829113668
53.93946442,56.46527918813181,-2.5258147681318093
53.64436448,56.127156529909115,-2.482792049909115
85.98373421,83.81110519683902,2.1726290131609716
101.3067592,99.0070362973455,2.2997229026545085
57.02671678,54.69531293582603,2.3314038441739697
22.02791824,22.049231003595374,-0.02131276359537182
13.31411196,17.11009246571094,-3.7959805057109417
22.36126837,17.880186472615215,4.481081897384787
88.95481861,90.16483818752367,-1.210019577523667
41.36442216,37.66141317065237,3.70300898934763
27.83151721,28.226120723462174,-0.3946035134621724
67.02184856,65.05611086542099,1.9657376945790048
57.33572147,55.2627695491818,2.0729519208182055
23.46404147,18.684515386586398,4.779526083413604
100.2238331,100.43569630370328,-0.21186320370328815
27.94442361,28.483500749588078,-0.5390771395880769
49.49430121,47.60437271320915,1.8899284967908514
55.00134282,51.6794164686862,3.321926351313799
29.20548307,30.968776610220747,-1.7632935402207472
17.17958814,21.39848747125763,-4.2188993312576315
24.05718796,20.94445909832571,3.1127288616742916
36.67968046,37.061853024613114,-0.3821725646131142
39.43766564,41.07676775130865,-1.6391021113086524
28.33353421,26.958678865520792,1.374855344479208
91.27307128,90.48695388159213,0.7861173984078675
83.53989468,88.39270289474734,-4.852808214747341
44.75087072,45.763449001693516,-1.0125782816935143
40.01705292,41.424792977224186,-1.4077400572241885
29.18684286,29.575699590767783,-0.3888567307677846
79.69299665,76.20956190581612,3.4834347441838815
88.58598123,87.4768641857678,1.1091170442322067
84.27908048,88.97412589335215,-4.6950454133521475
46.99087409,48.99635928382175,-2.005485193821748
12.91443076,17.223352564629096,-4.308921804629096
65.14285802,62.77205334350736,2.3708046764926465
20.29470932,21.20545941724849,-0.9107500972484921
23.56329142,27.292076074976297,-3.728784654976298
44.11295534,45.442318314409924,-1.329362974409925
25.32060586,29.70398626937588,-4.383380409375878
75.37259586,75.6084317516812,-0.2358358916811909
15.72304934,14.373784179855107,1.349265160144892
80.68057145,77.2601749528802,3.420396497119796
16.68011585,17.669968597531494,-0.9898527475314935
16.65198913,20.13311603341493,-3.4811269034149284
30.49856031,30.128016564806682,0.37054374519331645
72.94883494,77.80841046182218,-4.85957552182218
88.70308898,91.72880715307792,-3.0257181730779195
66.16670244,66.91519756716689,-0.7484951271668905
91.51407524,89.7533240371429,1.7607512028570937
28.80917225,24.327864982622042,4.481307267377957
75.19855462,75.43763610577707,-0.23908148577707777
83.85565051,84.21722974862256,-0.3615792386225536
81.55044066,83.09954806304242,-1.549107403042413
14.15319802,16.89417190083686,-2.7409738808368598
99.40348263,98.56539889530364,0.8380837346963546
42.0020253,43.55340027913755,-1.5513749791375488
57.18758242,56.218922670806826,0.9686597491931721
41.84195939,43.09245592632704,-1.2504965363270415
70.72213513,67.75051753099676,2.9716175990032383
99.9585297,100.4371792695701,-0.47864956957009497
80.63088445,84.92342100692875,-4.292536556928752
20.06709814,16.154200273582084,3.9128978664179144
33.72093702,32.00661092193437,1.7143260980656336
51.91560784,50.90166938670835,1.0139384532916509
86.64976648,91.51819123286859,-4.8684247528685916
61.36440756,62.52455785999972,-1.1601502999997209
68.93311817,67.710486914975,1.2226312550250071
23.29104124,26.34642921175966,-3.055387971759661
81.08839452,81.78727909052613,-0.6988845705261326
98.18431366,100.10211855620477,-1.9178048962047711
96.58350122,99.74433291817154,-3.1608316981715348
56.14565642,57.61707662528254,-1.4714202052825414
82.16272457,79.65847740035935,2.5042471696406494
78.66297636,78.65294987094012,0.010026489059882238
18.66675536,22.781533526841415,-4.114778166841415
43.58543705,46.09366529147431,-2.5082282414743062
33.13296096,32.65445858484432,0.47850237515567784
88.92908237,90.91877414451406,-1.989691774514057
25.26296122,24.79863699396463,0.4643242260353695
13.08557797,15.641338257932858,-2.555760287932859
59.16749296,55.01017383053399,4.157319129466011
81.84253694,77.00621613858277,4.83632080141723
63.01067414,62.30749890627671,0.7031752337232859
21.67476722,18.210357967707345,3.464409252292654
17.14757333,16.257862056613284,0.8897112733867161
49.976151,52.21583322451876,-2.2396822245187593
25.0186809,28.323194449784765,-3.3045135497847653
24.03945712,19.219615193529343,4.819841926470659
17.58067908,21.72094173243438,-4.14026265243438
70.75970594,74.77860447514558,-4.018898535145581
102.0426158,100.34610748204092,1.696508317959072
36.15886813,37.33190613060327,-1.1730380006032703
100.9479457,100.19281819705546,0.7551275029445463
56.93435121,57.29922787066569,-0.36487666066568636
97.25381268,100.02048884486774,-2.7666761648677465
48.14755214,45.79585098745763,2.3517011525423754
87.65950691,89.32382992726367,-1.6643230172636692
21.372281,16.13978739945687,5.23249360054313
98.0315469,100.1471443662344,-2.115597466234405
95.75725754,99.83012453875938,-4.07286699875938
60.00105483,58.310154013577055,1.6909008164229462
85.83209293,81.51392812058013,4.318164809419869
36.94247252,39.57922291948897,-2.6367503994889674
13.66221895,14.419098562720698,-0.7568796127206987
61.69424119,58.92400548185732,2.7702357081426783
61.68400562,57.308322340835616,4.3756832791643845
31.42727745,33.42672862898961,-1.9994511789896094
70.62647461,71.21031464361712,-0.5838400336171219
65.54989133,66.73995966332616,-1.1900683333261668
44.59832176,44.389775691264106,0.20854606873589177
75.4514917,73.18552961574983,2.2659620842501766
64.6395223,62.926450569788585,1.7130717302114107
97.10598881,93.75517181398152,3.35081699601848
26.92748396,26.156278534858405,0.771205425141595
28.24657685,26.40240635871204,1.8441704912879615
66.80522095,62.56335020005778,4.241870749942223
27.71920707,31.587351675168474,-3.8681446051684745
30.79431336,27.132664798401876,3.661648561598124
43.14653846,41.55567709724359,1.5908613627564137
55.51288583,52.36303640588339,3.14984942411661
40.7898305,45.61401831000593,-4.824187810005931
33.9997024,35.44098358895849,-1.4412811889584916
15.87335512,18.766557554120098,-2.8932024341200986
62.09829357,57.08086999021612,5.01742357978388
12.96704877,14.795822524036652,-1.8287737540366518
67.78798451,70.19505010392368,-2.407065593923676
91.93148558,88.0529886571926,3.8784969228074004
76.91496609,76.10261149589829,0.8123545941017056
84.03725727,79.53243728548581,4.504819984514185
37.54162038,32.44643897187096,5.0951814081290365
43.0680245,43.57601489348342,-0.5079903934834178
97.5656352,100.1185447392158,-2.552909539215804
100.6072425,99.8234467379451,0.7837957620548934
91.73093927,89.37529512860789,2.355644141392105
71.62568865,75.09341962692102,-3.4677309769210183
14.28229301,12.208620983695795,2.073672026304205
22.54049581,22.66963568284414,-0.1291398728441422
42.85707714,47.65373659766934,-4.796659457669335
17.21956376,12.170602422107052,5.048961337892948
33.3540041,28.252070224082175,5.1019338759178225
10.64518275,15.234705653318038,-4.589522903318038
42.13077223,37.29448924165265,4.8362829883473495
95.15111878,99.92819917680703,-4.777080396807023
18.0878171,17.82369605052181,0.26412104947818804
85.72164949,86.69955594022161,-0.9779064502216102
25.16182411,21.867704443667748,3.2941196663322536
34.47814651,32.3270579443387,2.151088565661304
46.45982254,48.86795133352969,-2.4081287935296913
22.91473316,19.425044073965665,3.4896890860343355
90.25627317,91.67535972007386,-1.4190865500738568
43.47262709,42.713079246279804,0.759547843720199
96.73867576,95.41049857510806,1.328177184891942
19.42020749,14.921784471974938,4.498423018025061
69.32761317,73.33196764185574,-4.004354471855734
9.197203524,10.539187671430795,-1.3419841474307947
95.22803695,95.46641404984452,-0.23837709984451294
16.54451842,20.639693548634597,-4.095175128634597
27.72492461,25.747548634231453,1.9773759757685454
85.90122487,83.51562829019524,2.385596579804755
31.96096851,27.199248333577568,4.761720176422433
26.01964861,24.65137495131296,1.3682736586870412
46.33639215,41.53009985853475,4.806292291465255
24.44616129,20.878121033465924,3.5680402565340756
57.94535449,56.92103459179813,1.0243198982018669
95.40367334,93.2298767408528,2.1737965991471953
45.87474275,48.45787512704991,-2.583132377049907
96.1720401,92.20316470410083,3.9688753958991754
93.38243856,90.81502248054468,2.567416079455313
34.72874399,31.789929914601693,2.938814075398305
57.70544397,57.58306986587843,0.1223741041215689
24.27754597,27.603142705817092,-3.3255967358170935
80.45118857,78.7514129435176,1.6997756264824062
15.85107171,19.818038390220742,-3.966966680220743
68.57137726,64.1397612861846,4.431615973815411
89.74507774,85.77418991692102,3.970887823078982
75.89584847,73.226762501358,2.6690859686420083
43.87257783,46.08031042543155,-2.207732595431551
31.43477239,30.17032115527445,1.2644512347255485
41.98574984,41.6648518890871,0.32089795091289375
86.44364256,85.38056008327828,1.0630824767217177
53.33771826,49.481793940726774,3.855924319273228
99.42896389,95.89139859987313,3.537565290126878
18.41130894,16.740312205723008,1.6709967342769936
27.56389052,30.613659198857448,-3.049768678857447
61.03995995,60.98689136558005,0.053068584419946774
40.99237978,45.344520423537276,-4.352140643537275
22.01504318,24.436125228059215,-2.4210820480592155
27.68124156,26.838595123722026,0.842646436277974
72.52929217,76.39866248364562,-3.869370313645618
18.19727536,22.893644657297514,-4.696369297297515
24.52302153,24.697176283407064,-0.17415475340706266
22.5593008,25.5692817119065,-3.0099809119064993
69.0850369,64.0491141061643,5.035922793835709
58.82767655,56.05489641322781,2.772780136772191
104.6264932,100.5329247232514,4.093568476748601
30.55859967,27.26471021607705,3.293889453922951
62.30644886,59.89773386179888,2.40871499820112
30.93328164,26.422119933239472,4.511161706760529
28.05979984,29.264093816527694,-1.204293976527694
41.73775376,45.27659149379689,-3.538837733796896
71.13823539,71.92676109756496,-0.7885257075649577
62.60753081,59.705955353059004,2.9015754569409964
34.39092503,33.85714752610694,0.5337775038930559
101.3747974,100.14117306106667,1.233624338933339
22.42143507,19.77079427275462,2.65064079724538
16.19778398,15.118503187585375,1.0792807924146253
23.16084592,23.48007943560801,-0.3192335156080084
89.26412755,88.81636277540798,0.4477647745920166
17.31294473,19.819191928581745,-2.506247198581743
34.48184827,34.399303517990006,0.08254475200999423
24.02299998,28.671447355192687,-4.648447375192685
20.36685548,19.64329744469655,0.7235580353034514
98.07371247,97.04179683486677,1.031915635133231
44.62967307,42.72683081061657,1.9028422593834335
94.75187933,96.03664187476694,-1.2847625447669486
19.22287604,21.72776730143824,-2.5048912614382424
53.42137176,50.279045244007726,3.1423265159922735
50.05937739,52.8596916126436,-2.8003142226435997
22.80374937,25.40743137457693,-2.6036820045769318
39.81486153,40.431589032600655,-0.6167275026006536
57.25994268,55.77195567438901,1.4879870056109894
77.10708142,81.40883283153227,-4.3017514115322655
28.42224799,30.355871005711503,-1.933623015711504
26.37692462,29.30681748002655,-2.9298928600265484
50.92176781,48.29171777165913,2.630050038340869
34.51334545,34.408445916830345,0.10489953316965739
102.7912569,100.4317433661143,2.359513533885689
100.4887282,100.44086100913438,0.04786719086561675
52.18240641,51.77393168933922,0.4084747206607773
30.67057033,29.824383503740776,0.846186826259224
102.7641296,100.17128446480935,2.5928451351906574
32.70849848,30.501779334231866,2.2067191457681368
44.00172353,41.16209574348461,2.8396277865153863
44.25005584,39.345682102783634,4.904373737216368
48.23901906,44.402965349246344,3.836053710753653
18.2350246,19.564902508787732,-1.3298779087877328
26.18712716,21.690554176653368,4.496572983346631
104.9856592,100.01243997110441,4.973219228895587
101.7483919,100.15896487451937,1.5894270254806315
79.0857821,82.87069922543088,-3.78491712543088
104.7818797,100.68399046981139,4.097889230188613
77.61950207,73.8358546792796,3.7836473907203896
72.07092174,68.15421147546519,3.9167102645348137
35.15932967,30.63917653792443,4.520153132075567
94.98921806,96.28589341466369,-1.2966753546636909
18.85462847,14.207279528768161,4.64734894123184
67.68129863,67.44148601699217,0.2398126130078282
33.95626771,29.1932736026414,4.7629941073585975
18.69353474,17.748017032037026,0.9455177079629742
79.55868554,81.79790909136122,-2.2392235513612206
14.77272156,17.24130393538794,-2.468582375387939
20.10060459,21.97718204702524,-1.8765774570252418
22.0274556,21.92389429648027,0.10356130351972936
18.15323955,22.47516495507202,-4.321925405072022
23.14816589,20.313142359830493,2.835023530169508
39.0523352,34.05024055604346,5.002094643956539
29.35197626,28.544846394794313,0.8071298652056882
76.62797213,76.27822832260568,0.34974380739431865
57.12011444,56.85247029852137,0.2676441414786339
58.37458846,61.573440176268825,-3.198851716268827
35.87499086,34.621115968011914,1.253874891988083
44.77905285,43.74451259179179,1.0345402582082102
95.53253249,92.15068820014389,3.3818442898561045
41.96851115,37.892494486978286,4.076016663021711
21.52182498,23.718928731073003,-2.1971037510730014
29.01250075,32.281306657330774,-3.2688059073307727
46.07841944,45.33328247097519,0.7451369690248058
20.53489374,22.16123912648684,-1.6263453864868396
65.23554599,62.192574975388844,3.0429710146111617
67.90349669,63.547947696602094,4.355548993397903
58.12820499,61.38126867992657,-3.25306368992657
76.13358249,79.95855658806968,-3.8249740980696885
88.26751165,91.6262061344806,-3.358694484480594
78.72340125,78.98355158653567,-0.26015033653567343
71.39197301,68.42232707035078,2.969645939649226
66.13867765,66.342760530116,-0.2040828801159904
20.35336673,22.545413219369003,-2.1920464893690017
36.44953409,37.31318561551413,-0.863651525514129
46.36795802,43.84891522259409,2.519042797405916
56.9502511,53.65385684355912,3.296394256440884
78.52508261,76.95462562202279,1.5704569879772095
75.96476507,74.7254479754199,1.2393170945801018
78.85207173,80.31958142671645,-1.4675096967164478
22.70924632,23.662507025531177,-0.9532607055311786
20.35061262,20.189744409430475,0.16086821056952516
56.85876794,53.116748165137906,3.7420197748620936
91.73940569,94.55012704392703,-2.810721353927036
31.58027725,27.5499123624386,4.030364887561401
46.83619461,51.125877481724245,-4.289682871724246
45.64439029,45.05352151093913,0.5908687790608695
16.67429217,16.615684188689286,0.05860798131071476
86.97513535,86.76918128191642,0.20595406808358518
41.87129286,39.71577374698439,2.1555191130156075
59.87598925,64.57858603954571,-4.702596789545709
19.87955032,23.714785315809834,-3.8352349958098344
101.526186,99.93841532780814,1.5877706721918514
51.95595553,48.90957571490029,3.046379815099705
60.1995006,62.32169470375944,-2.1221941037594405
95.09061117,93.89149365150615,1.1991175184938498
36.54364173,33.566728678386454,2.9769130516135434
32.93344551,33.489327566163595,-0.5558820561635969
98.13616553,98.92506302540176,-0.7888974954017556
94.86137434,91.45557944122334,3.405794898776662
20.87251782,16.50053709856315,4.371980721436849
64.87147602,63.928956668327785,0.9425193516722175
35.64897801,35.623953284473586,0.025024725526414215
76.37142503,78.07255018159675,-1.7011251515967558
47.02821004,46.93961825107608,0.08859178892392094
92.91079689,97.12382783029071,-4.213030940290707
102.067992,96.99561897886639,5.072373021133615
89.12288828,92.56275179990175,-3.439863519901749
88.21904287,91.91723658659603,-3.6981937165960375
90.17906128,86.15218304688693,4.026878233113067
19.7932672,17.3945881721463,2.3986790278536994
77.14120147,75.78549625117039,1.3557052188296126
14.64671797,15.6865258589511,-1.0398078889511009
17.9769907,22.759604095768456,-4.782613395768454
63.46470739,63.14064408877592,0.3240633012240792
73.5814192,76.25563910028183,-2.6742199002818268
30.1310537,32.88685590686572,-2.75580220686572
31.74736958,34.02101279450761,-2.2736432145076115
90.14051687,90.92520971996743,-0.7846928499674277
39.17368542,34.043523947144394,5.130161472855605
29.52514293,26.73845821849157,2.786684711508432
83.27827741,83.15319684971232,0.12508056028768522
23.16488902,21.656958495315394,1.5079305246846069
91.3705919,88.80200174944702,2.5685901505529785
25.24752413,26.679972110883654,-1.432447980883655
81.29675066,85.05850097492417,-3.7617503149241713
21.88485104,23.30948695205922,-1.4246359120592196
53.86334313,51.24881248397498,2.614530646025017
26.46350691,27.257370889882022,-0.7938639798820226
39.32567496,35.79209337650676,3.5335815834932376
64.40592077,62.196780312473564,2.2091404575264306
90.68073462,89.56110364023536,1.1196309797646364
86.53692353,86.88716195253508,-0.3502384225350852
101.3253774,98.57336010162925,2.7520172983707454
29.40019911,29.233068672154513,0.1671304378454863
24.81124572,28.100150917703584,-3.288905197703585
68.74806278,72.20368784869704,-3.4556250686970458
22.22464805,23.30841015975325,-1.083762109753252
63.51416593,63.77618048083528,-0.262014550835282
57.33745601,62.170656231948314,-4.833200221948317
39.4438436,42.92406716824138,-3.480223568241378
12.52589821,14.436726322446916,-1.9108281124469162
71.14590921,71.98483385622264,-0.8389246462226367
27.9427814,22.662948859536417,5.279832540463584
21.88140356,22.86159740723085,-0.9801938472308507
57.18580441,57.083956526081586,0.10184788391841693
28.66411172,30.188505925605952,-1.524394205605951
22.22128768,24.49066304742594,-2.2693753674259405
30.84589989,31.29049742394584,-0.4445975339458421
55.30139482,56.375340251974805,-1.0739454319748063
33.5184697,34.654552836754206,-1.136083136754209
30.95896324,28.496157979009528,2.4628052609904714
65.25650294,64.44243607052043,0.814066869479575
16.78690747,19.313600805619167,-2.526693335619168
35.53708295,34.936084136288386,0.6009988137116125
43.21400097,45.93312146172655,-2.7191204917265495
57.43763051,57.21387927179232,0.22375123820767584
36.40397978,39.86419526639865,-3.4602154863986527
15.91097677,17.509663534310285,-1.5986867643102851
68.70050609,65.92009643347951,2.78040965652049
61.56462378,56.89401409956009,4.6706096804399095
73.63777718,72.35686246366276,1.2809147163372359
16.60517919,19.525826519025728,-2.9206473290257264
17.15874476,17.97715563595216,-0.8184108759521571
30.53548134,33.00827245824294,-2.4727911182429416
15.87452557,15.274862159086055,0.5996634109139443
100.0227807,96.0057292449702,4.017051455029801
90.17078788,91.25134547297728,-1.0805575929772715
45.70308604,50.26380461782347,-4.560718577823465
71.38845525,70.76898882149096,0.6194664285090425
13.21063819,16.13458408778581,-2.9239458977858117
21.72937227,16.82676390782032,4.902608362179677
87.52124387,88.34630197632094,-0.8250581063209381
33.37197487,31.090827699999313,2.28114717000069
40.68092129,44.86606964822011,-4.185148358220111
71.42907471,66.61402954811084,4.815045161889159
30.71738912,26.425291653411378,4.292097466588622
88.65471961,85.6789418209803,2.975777789019702
14.53921103,17.991129554250207,-3.451918524250207
13.05823216,14.987813396828955,-1.9295812368289553
53.48306079,53.29164121017345,0.191419579826551
96.34880221,92.25699371342898,4.091808496571019
16.05569412,14.190908920211562,1.864785199788436
37.38674805,32.937237102354146,4.449510947645855
22.20734636,19.642530457585835,2.564815902414164
22.22860215,24.108443030329585,-1.879840880329585
12.60928554,14.837173365568681,-2.227887825568681
83.78078073,84.99920930347938,-1.2184285734793718
94.41759865,94.28154470738829,0.13605394261171
36.82813551,38.42113385680416,-1.5929983468041584
38.79407938,36.061832855392055,2.7322465246079446
87.72652073,88.52120260631546,-0.7946818763154511
97.66431138,100.05371615702728,-2.3894047770272806
33.32302497,35.27252823699473,-1.949503266994732
39.82679351,43.98939673112034,-4.162603221120335
98.26952208,100.18183977257469,-1.912317692574689
30.04600434,31.779940330738103,-1.7339359907381038
24.51713308,26.933353361469315,-2.4162202814693146
35.16412056,35.85085892834722,-0.6867383683472212
38.47975716,42.06283111337323,-3.58307395337323
104.7415194,100.43205712259386,4.309462277406141
82.82228493,87.96519242125018,-5.142907491250185
81.11287582,78.06399241648485,3.0488834035151484
6.458037545,9.936744744806191,-3.478707199806191
16.84138231,20.60776898204137,-3.766386672041371
28.56109883,29.437105180590223,-0.8760063505902238
27.2972967,31.79309099763989,-4.49579429763989
103.0861665,100.28773162993464,2.798434870065364
89.91256489,87.89760330800519,2.014961581994811
92.96524815,91.55655396591848,1.4086941840815115
29.91034398,28.474623443911142,1.4357205360888585
59.26022776,54.628151521443336,4.632076238556664
64.35793606,60.826800905020306,3.531135154979694
97.27457217,92.5320211145067,4.742551055493294
41.27803826,45.852851802011685,-4.574813542011682
90.25809817,93.42280182382956,-3.1647036538295623
22.81720894,28.009918312548784,-5.192709372548784
100.0794869,100.19743263829916,-0.11794573829915578
96.43674016,99.88343816747093,-3.4466980074709284
45.24673711,47.202410986716735,-1.9556738767167374
52.99263245,57.07583017663916,-4.083197726639156
35.51553924,32.80444828512652,2.711090954873484
30.11336968,33.29623598737204,-3.1828663073720413
65.91944634,63.81041305309577,2.1090332869042214
26.22633726,30.521370394234985,-4.295033134234984
25.81496157,22.53213229013319,3.28282927986681
96.21464771,99.66124197945001,-3.446594269450017
12.82400751,16.004005701689216,-3.179998191689217
16.05590026,18.178678062956557,-2.1227778029565556
23.38248978,19.98890769158573,3.39358208841427
48.31222666,47.385902563749745,0.926324096250255
33.48477886,32.787744479655274,0.697034380344725
33.85784593,33.661654549787436,0.19619138021256788
19.40506145,17.705602752139384,1.6994586978606172
26.25756911,23.6213255817254,2.6362435282745977
34.67173697,34.072535024094456,0.5992019459055413
53.75916545,49.17048984275689,4.588675607243104
91.40550437,95.20461516757341,-3.7991107975734053
12.57263608,15.729536086965801,-3.1569000069658006
73.24940767,76.65260143543976,-3.4031937654397666
93.13351458,91.222300173033,1.911214406966991
36.66756943,32.24888571435521,4.418683715644789
77.27176926,81.83243755101509,-4.560668291015091
32.12805729,34.59648807436478,-2.4684307843647773
95.29052248,92.94443599019914,2.346086489800868
35.42604945,32.969004403590745,2.457045046409256
72.66101746,73.92625659058879,-1.265239130588796
45.37370851,42.47507700587501,2.8986315041249924
82.89732543,85.01015353194978,-2.1128281019497877
95.26066859,97.57137931774673,-2.310710727746738
34.58444733,32.632539707246366,1.9519076227536374
26.06826424,22.548229667175818,3.5200345728241835
66.32071788,67.11360362320603,-0.7928857432060283
47.80406287,46.32648312929502,1.4775797407049822
25.85520425,26.14437754778471,-0.28917329778471057
27.6552966,26.589763013911746,1.0655335860882538
46.42254982,49.16334133742123,-2.740791517421229
71.19346323,69.53962330734618,1.6538399226538303
80.87752676,82.77277713605424,-1.8952503760542498
95.57243404,94.24174944157411,1.33068459842589
42.28445651,41.32195780019105,0.9624987098089477
57.20014141,54.24385033804454,2.9562910719554623
63.65272073,65.88280275432354,-2.2300820243235364
20.68883027,25.443426034177836,-4.754595764177836
27.44610741,28.474906066357118,-1.028798656357118
29.14906822,31.112529551633408,-1.9634613316334075
22.18908016,23.82191406182474,-1.632833901824739
18.83523175,16.846518695069832,1.988713054930166
28.0130344,31.014712862100655,-3.0016784621006565
66.05913501,65.85877752309027,0.20035748690973776
45.88119909,43.61265851057843,2.2685405794215754
46.49423708,44.166826183090166,2.327410896909832
49.54081254,53.22928370672612,-3.6884711667261243
98.02336097,93.47981168889609,4.543549281103907
76.59748426,78.25760569611474,-1.6601214361147356
19.58476657,16.403872173243812,3.1808943967561873
57.78398754,58.694004169575415,-0.9100166295754164
97.90981856,99.87956938212736,-1.9697508221273523
88.05845702,83.56321296441959,4.4952440555804145
98.42785023,95.51342261083285,2.9144276191671565
78.4621031,76.03409721574855,2.428005884251448
97.11391315,99.52967121395477,-2.415758063954769
76.56980864,81.08497216262026,-4.515163522620256
60.22400128,61.92621920800585,-1.7022179280058438
23.70080288,25.343100378192652,-1.6422974981926508
34.86543297,33.90112207622021,0.9643108937797891
33.55128878,30.958119634292437,2.593169145707563
20.86828699,17.56174382033658,3.3065431696634207
99.89193352,100.07652425379041,-0.18459073379041513
99.11260341,97.339806080491,1.7727973295090038
67.81809221,69.12767513235059,-1.309582922350586
53.93812731,51.44375383690226,2.4943734730977383
68.1960627,67.36828325693078,0.8277794430692182
20.1951631,16.777617286711433,3.417545813288566
75.08813619,77.13923363490116,-2.05109744490116
79.28680316,77.92700757520498,1.3597955847950232
58.40123543,61.59579356442528,-3.1945581344252787
71.66676029,69.09104327563793,2.57571701436207
89.07525662,92.49005244568374,-3.41479582568374
40.43955582,35.895807859595884,4.543747960404119
35.19448874,36.82149467011543,-1.6270059301154305
45.19981024,47.07922644892164,-1.87941620892164
20.05761756,21.11517023421414,-1.05755267421414
17.35812907,15.421404965191797,1.936724104808203
77.83412143,77.17573661432093,0.6583848156790708
18.55676245,17.263772421217247,1.2929900287827536
20.00635204,19.928900197071926,0.07745184292807394
97.14039692,100.37187646179761,-3.2314795417976114
26.6253514,31.056355448548768,-4.431004048548768
15.20988833,19.698798202097635,-4.488909872097635
85.72900229,87.51678083451881,-1.7877785445188152
21.00677176,24.85547968697984,-3.8487079269798414
98.88584576,97.25531692204878,1.6305288379512177
16.12090872,17.25694177742033,-1.136033057420331
77.8525662,75.3277663123962,2.5247998876038054
63.64442471,62.631284683831424,1.0131400261685783
98.37474695,99.82905497847473,-1.4543080284747276
67.28717268,69.1745092513565,-1.8873365713564993
75.32204959,74.43717973938206,0.884869850617946
33.40365335,34.08307294148548,-0.6794195914854839
20.46313636,18.208480424723433,2.254655935276567
63.54063909,67.22715642607706,-3.68651733607706
21.24493599,16.526908994830322,4.7180269951696765
48.72653615,52.63049001466572,-3.9039538646657164
32.8114503,28.67602093733111,4.135429362668887
94.20220946,95.41417108808663,-1.2119616280866268
34.29493824,29.729926796955336,4.565011443044664
26.46356145,30.600640349434478,-4.137078899434478
90.56925221,94.10983298461224,-3.5405807746122377
38.73174809,34.55719307016057,4.174555019839431
48.31541377,47.258029369734,1.0573844002660024
18.3358873,17.731202190598253,0.6046851094017462
30.46133263,33.70964040497394,-3.248307774973938
31.20797588,32.645997429317845,-1.4380215493178454
54.83840722,55.86609017002289,-1.0276829500228928
20.84745233,19.42737974146833,1.4200725885316707
24.55186322,29.028774654643147,-4.476911434643146
28.59145343,26.280843066774384,2.310610363225617
45.08745735,40.50911582977386,4.5783415202261395
59.37795133,55.1781749337673,4.1997763962327
17.00686308,19.284158038097615,-2.2772949580976167
57.63030653,54.21408716274961,3.4162193672503918
33.57359504,28.983562596588225,4.590032443411776
11.48842544,15.246639508730098,-3.758214068730098
58.24685984,59.00218825987381,-0.7553284198738126
96.04502991,100.39181938833383,-4.346789478333832
27.03852567,25.126382839174113,1.9121428308258857
49.06783197,48.90858999357491,0.1592419764250934
92.52112755,91.37603477819692,1.1450927718030783
37.63800166,36.781775142160996,0.8562265178390049
21.35923368,25.551684475017236,-4.192450795017237
16.58465351,15.441677204886979,1.1429763051130202
35.19888888,37.704249535106634,-2.505360655106635
37.00588769,36.99624747854671,0.009640211453294967
49.89784903,51.00368108862444,-1.1058320586244363
67.23267091,67.20552601534862,0.027144894651371487
66.76370216,62.63853767431241,4.125164485687584
17.07209537,15.441733535472416,1.6303618345275837
26.57638369,30.161925750419915,-3.5855420604199146
35.03854258,37.36669676766032,-2.3281541876603242
26.30336572,30.647331548801205,-4.343965828801206
23.95321061,28.788992511116277,-4.8357819011162775
103.9699529,100.00796768182656,3.9619852181734387
45.32018909,49.07943024145145,-3.759241151451448
22.89188568,21.07063448839307,1.8212511916069332
34.35062559,34.206490212147116,0.14413537785288355
67.76499779,69.87964607836435,-2.11464828836435
12.81275964,13.603639005379861,-0.7908793653798618
18.74618081,15.293319530204137,3.4528612797958615
17.28435304,19.339583672392216,-2.0552306323922167
16.92811654,20.747314564088285,-3.8191980240882835
28.8184092,29.766879234027126,-0.9484700340271246
93.7870194,96.6466142011672,-2.859594801167191
48.50427216,51.121019951233016,-2.616747791233017
89.5916328,87.80551775067914,1.7861150493208555
22.56347154,27.63681768507032,-5.073346145070321
81.29949437,77.39900337524853,3.900490994751479
80.99775379,76.16098219010158,4.836771599898427
43.79742657,43.266595257155174,0.5308313128448248
28.2144812,30.04361679544097,-1.8291355954409667
33.37911125,31.877837397699153,1.501273852300848
23.27721972,21.053545537819055,2.2236741821809467
20.55031941,19.80406354088064,0.7462558691193593
48.83788985,44.27614316033726,4.5617466896627406
43.31606883,44.05335192503722,-0.7372830950372204
62.64101263,63.77154268440329,-1.1305300544032946
11.26975975,12.534063932445974,-1.264304182445974
59.09035006,55.9770989304017,3.1132511295982965
34.94311081,39.00132875735632,-4.058217947356319
37.80851947,36.14983442021789,1.6586850497821075
13.73080004,12.28345319250866,1.4473468474913407
57.50397415,61.72893390404458,-4.224959754044583
85.02736403,88.50357856330228,-3.476214533302283
81.47477316,83.73721097126015,-2.262437811260156
94.31313574,93.32466730777678,0.9884684322232289
39.04769125,37.568128860569914,1.479562389430086
25.72583714,29.20667281904348,-3.48083567904348
34.0218285,29.57188983602394,4.449938663976059
74.63987323,77.32260827141886,-2.6827350414188516
98.86982435,94.61052989790534,4.2592944520946645
55.57559695,57.901072334616224,-2.325475384616226
57.26018696,58.140446824555106,-0.8802598645551072
94.11985041,96.71692876175877,-2.5970783517587677
33.73829271,31.85101022977018,1.8872824802298247
53.54818316,54.30370547276661,-0.7555223127666082
38.8291985,38.564214445355105,0.2649840546448914
60.02017176,56.563883424639904,3.4562883353600924
22.30738451,18.332787630764017,3.974596879235982
24.76863081,25.355660135900163,-0.5870293259001613
54.59340168,54.14735893389757,0.4460427461024281
56.7848137,53.21690493442538,3.5679087655746216
42.27743025,40.17900364269593,2.09842660730407
22.6108578,26.356051730053878,-3.745193930053876
14.14806518,14.665444237623639,-0.5173790576236392
86.2032984,83.19797928870106,3.005319111298931
66.57988265,62.108187468997365,4.471695181002637
54.13239949,52.20507862044469,1.9273208695553095
61.13334639,64.98979597960826,-3.8564495896082605
17.84323928,22.765716117010125,-4.922476837010127
19.01941753,23.55534522014055,-4.53592769014055
14.74561297,14.751297236074137,-0.005684266074137412
63.38631209,58.816298541535055,4.570013548464942
45.87530637,41.56281299931603,4.312493370683967
76.01634281,76.23291805729968,-0.21657524729968713
19.88151174,17.513259925320575,2.368251814679425
25.12158845,22.60634499112941,2.5152434588705894
53.6163334,51.33004672051246,2.2862866794875387
84.09674643,88.62989384410022,-4.5331474141002275
62.08618624,61.22996571857252,0.8562205214274812
87.50453443,83.0170634052575,4.487471024742504
42.36352215,40.957215081883156,1.4063070681168455
76.10526892,80.7264734815161,-4.621204561516095
31.33802715,34.12449332212121,-2.7864661721212123
99.25965799,99.99975406839695,-0.7400960783969595
18.36243644,16.714956936963503,1.6474795030364966
16.00657437,16.821303120211745,-0.8147287502117457
48.17019575,48.10768061810025,0.062515131899751
88.58332446,89.7387912892689,-1.155466829268903
70.81854857,72.63640814480893,-1.8178595748089208
71.55456196,71.35434012911921,0.2002218308807926
72.07476875,74.75583899516037,-2.6810702451603703
22.28297064,23.327496018632043,-1.044525378632045
29.87606786,26.48827576318992,3.3877920968100774
91.82809208,89.72488531742833,2.1032067625716735
37.6003713,33.22192895267345,4.378442347326548
90.64502761,87.48954737912311,3.15548023087689
44.29673781,41.0274090087696,3.269328801230401
26.83214513,26.705393968889467,0.12675116111053342
25.1973463,23.54295983368405,1.6543864663159482
98.36345776,99.70576911017693,-1.342311350176928
46.54181371,43.58763202195141,2.9541816880485925
97.50824063,99.2680346471379,-1.7597940171378923
32.12092081,33.19822211890852,-1.0773013089085168
28.41117187,25.938897530856153,2.4722743391438478
104.9348871,99.76829495989173,5.166592140108264
19.56741648,21.499106145036194,-1.9316896650361954
44.13948506,42.446345713898154,1.6931393461018445
34.59816067,33.16555397090592,1.4326066990940802
38.69347377,37.112454899671704,1.5810188703282932
90.91232844,86.0641236722465,4.848204767753501
64.71629042,61.93249680848951,2.7837936115104966
19.93890282,15.663567474412076,4.275335345587923
31.07037105,30.294866233294908,0.7755048167050909
70.23388305,67.29025743298465,2.943625617015357
15.52590524,17.067636736402065,-1.5417314964020647
71.9307967,68.9721594913469,2.9586372086531014
48.13632474,43.27643379380534,4.85989094619466
43.4514589,42.28148232913582,1.1699765708641792
42.56945562,46.181684690493384,-3.6122290704933846
15.23833271,11.930260195302644,3.308072514697356
30.36436098,28.44569327487969,1.9186677051203098
28.49363187,31.023410176575204,-2.529778306575203
30.35024511,27.830592560777397,2.5196525492226023
41.73066993,45.1389122959746,-3.4082423659746013
95.56015467,96.90336115687742,-1.3432064868774205
12.45791987,10.947409834808532,1.5105100351914675
88.44266013,88.20382490458337,0.23883522541662217
81.52993338,84.07671602984152,-2.546782649841518
26.8064761,23.674869711040056,3.131606388959945
80.44793661,78.60140690406234,1.8465297059376553
71.996338,71.12290958094627,0.8734284190537238
28.38650401,30.237070096323958,-1.8505660863239584
96.18784421,99.7872911120291,-3.5994469020291007
96.44883746,93.47937661042118,2.969460849578809
34.45712145,35.66364952062162,-1.2065280706216157
94.55840519,92.57528812369893,1.9831170663010766
17.43838604,20.10583496612299,-2.66744892612299
9.15951176,11.545171156348907,-2.385659396348908
41.71176331,39.05521481304207,2.6565484969579316
17.3484902,20.929181460717984,-3.580691260717984
39.62241904,42.50760007744539,-2.885181037445392
98.07254505,99.32070614591144,-1.248161095911442
15.88306596,14.550332366499262,1.3327335935007376
66.64523455,67.885076673766,-1.239842123765996
30.1494834,25.18823393003537,4.961249469964631
58.104137,57.695235163609304,0.4089018363906973
54.22038845,53.82329485986297,0.3970935901370325
12.78974312,17.013043678343422,-4.223300558343421
26.1265066,22.520721564647907,3.605785035352092
63.10532645,63.88086737056835,-0.7755409205683534
54.32226769,50.13125954828835,4.191008141711649
95.56881398,100.15892377103316,-4.590109791033157
27.20672846,29.83240585377144,-2.62567739377144
65.53521503,68.88478469409559,-3.3495696640955828
52.97424959,49.62433981367498,3.3499097763250205
62.71651679,65.8103371116934,-3.0938203216934
30.56390342,35.2323088309512,-4.668405410951198
90.64285443,91.12549649677531,-0.48264206677531263
16.21834307,15.970141980319532,0.2482010896804674
18.2775405,15.10543876419495,3.1721017358050503
41.05955819,40.73463824923511,0.32491994076488595
83.53335063,79.6105340199144,3.9228166100856043
46.16141347,43.143656426893344,3.0177570431066556
24.61169057,20.019734642051446,4.591955927948554
72.26764755,70.82133828370189,1.4463092662981154
29.19449451,29.193202736814772,0.0012917731852262193
25.60383867,23.322169592885704,2.2816690771142945
67.18432421,71.71183933705862,-4.527515127058621
98.19505034,100.04043579388093,-1.8453854538809367
97.92754882,96.26255382884796,1.6649949911520423
62.37691526,57.424159701543815,4.952755558456182
72.05424885,75.83751983865838,-3.783270988658387
74.93806199,71.4343715040943,3.503690485905693
85.45773074,88.30182011225251,-2.844089372252512
39.16387611,36.70738223526844,2.4564938747315566
73.82341927,76.98691205847132,-3.1634927884713164
27.83288981,25.24041928854037,2.5924705214596315
45.80462758,48.33686101567394,-2.5322334356739375
101.1291708,97.26015441941455,3.8690163805854496
14.19459173,12.283785720304117,1.910806009695884
86.8532196,89.47827157605771,-2.625051976057705
100.3891429,98.38002363203971,2.009119267960287
21.35281903,25.08166237665842,-3.7288433466584223
104.4660632,100.2052638414468,4.2607993585532
91.87820358,92.27314503172656,-0.3949414517265524
53.38157429,51.08668208882888,2.2948922011711232
91.13369709,95.16071461758318,-4.027017527583183
75.11998529,74.90307819802908,0.21690709197092417
83.05586481,84.38541703785347,-1.329552227853469
33.92625492,38.0237256924051,-4.097470772405103
99.24490804,100.04823494373716,-0.8033269037371582
22.93718023,20.18480228860399,2.752377941396009
101.8069298,100.17890654565585,1.628023254344157
83.17014152,83.46371564779898,-0.2935741277989763
78.20428132,80.86450497766853,-2.6602236576685243
26.00383367,24.97123561645067,1.0325980535493287
85.95100632,83.8120000144469,2.13900630555311
80.8628486,79.09859780088084,1.7642507991191678
28.65193424,28.911852646036866,-0.2599184060368671
25.43114256,29.504821541019133,-4.073678981019132
27.61222597,28.73834238131631,-1.1261164113163105
75.62686911,79.99280074273827,-4.365931632738267
23.68378261,28.895214038506378,-5.211431428506376
102.4926197,98.23069071532589,4.261928984674114
53.97271603,57.35781666890702,-3.3851006389070193
21.58474376,24.218727986014922,-2.633984226014924
23.70693809,24.280587825120513,-0.5736497351205117
94.14156493,95.73740577674096,-1.5958408467409555
91.34660656,90.8606834384328,0.48592312156719686
51.88782934,54.36120335839849,-2.473374018398488
20.88070626,24.913777654576442,-4.033071394576442
39.34579017,36.87043153230188,2.475358637698122
17.04443553,21.175262336112567,-4.130826806112566
80.71487871,76.48788484513585,4.226993864864141
28.33974771,28.005293885803532,0.3344538241964692
70.42438117,67.97415561658465,2.4502255534153505
86.63454878,85.92088321839793,0.7136655616020704
80.32585079,81.15764545652698,-0.8317946665269744
97.43354096,97.20771969366646,0.22582126633353994
74.75753505,72.39192316585597,2.3656118841440303
66.36641451,67.31679277498579,-0.9503782649857868
65.93269034,62.60327308760109,3.3294172523989047
90.17729823,87.28973424644872,2.8875639835512885
16.47852086,20.29504819140221,-3.8165273314022095
70.71264341,72.32845174969357,-1.6158083396935723
40.65109601,35.76939376127682,4.881702248723187
22.64900153,25.65712481057454,-3.008123280574541
49.65467886,49.538763003596046,0.11591585640395152
89.82124537,89.45167328746265,0.36957208253734564
94.19740649,91.18982581400637,3.007580675993637
103.1188964,100.10907011642396,3.0098262835760323
56.33833728,57.38037737089977,-1.042040090899775
65.02039313,64.55472823986463,0.46566489013537193
72.39554979,73.22772997146201,-0.8321801814620073
104.9481929,100.07405089212389,4.874142007876102
18.69755082,19.3102084510071,-0.6126576310070995
43.59735485,42.52286167711742,1.0744931728825833
30.01103529,32.10921018225136,-2.098174892251361
77.27951596,76.85402303056398,0.42549292943601813
42.81761205,46.46356038772603,-3.6459483377260256
65.85313529,64.26539266671752,1.5877426232824803
23.37391548,22.605352110524755,0.7685633694752454
42.53331004,45.61107186647811,-3.0777618264781097
37.82914892,37.77545950284146,0.05368941715854447
60.52531787,63.28382956323027,-2.7585116932302682
64.18563084,67.71051590713952,-3.5248850671395218
90.01803774,92.76750799078167,-2.7494702507816697
87.26791359,91.9459677315039,-4.6780541415038925
21.77725408,19.081446015073148,2.695808064926851
36.69688083,37.130034711164384,-0.4331538811643867
28.05317399,26.650763028350006,1.402410961649995
98.60275057,95.56466920486733,3.038081365132669
19.24073871,17.98638206889403,1.254356641105968
95.94849193,100.05577062943519,-4.107278699435184
36.86702619,40.036889387957594,-3.1698631979575964
21.69865326,20.902911072352694,0.7957421876473063
55.48821454,53.03641262254062,2.4518019174593846
34.20122638,31.656950661773976,2.544275718226025
71.37096098,69.14760408828012,2.223356891719888
52.70840964,56.31463548175685,-3.606225841756853
79.39786331,76.44961876463591,2.9482445453640906
27.47682663,27.374993829243998,0.10183280075600365
27.81014183,23.920574419473088,3.8895674105269116
88.70280033,92.27768416151154,-3.574883831511542
97.9376789,97.40930459996846,0.5283743000315297
21.54014157,26.367824114332652,-4.827682544332653
23.4628254,22.165660510129165,1.2971648898708352
21.55898023,22.711051281772697,-1.1520710517726975
40.20874734,39.04171898160144,1.1670283583985608
97.47513331,97.41391975057797,0.06121355942202911
36.62823273,39.28975491862233,-2.661522188622328
68.88465289,65.23532576784153,3.6493271221584678
56.12424801,59.63467230590336,-3.5104242959033556
52.68540206,52.018131830489295,0.6672702295107058
16.94417886,19.882878446570473,-2.938699586570472
56.36870415,60.271799804223406,-3.9030956542234065
23.41454182,26.413376850879704,-2.998835030879704
56.65988144,55.382989719458145,1.2768917205418546
17.85564328,18.115820508909813,-0.2601772289098143
21.63931248,24.079785756753843,-2.440473276753842
48.05500841,49.467928645931025,-1.4129202359310256
22.59787882,23.769169219296725,-1.1712903992967263
30.64519427,32.6545185470132,-2.009324277013196
94.55114193,96.38263346366253,-1.831491533662529
25.62486552,27.68761823059813,-2.0627527105981294
14.35915932,15.000622314131334,-0.6414629941313343
37.48454105,34.32008479134776,3.164456258652237
15.03001195,18.381538986894412,-3.351527036894412
29.87932345,26.452682279816514,3.426641170183487
22.50675834,23.55653118263799,-1.0497728426379886
27.74165555,26.187050084518646,1.5546054654813553
7.947033756,11.427700506978617,-3.4806667509786173
95.12806302,99.9994174512084,-4.8713544312084025
21.9436315,18.111193344340222,3.8324381556597764
98.89406313,99.9749834938477,-1.0809203638476959
23.19514833,20.83808898739288,2.357059342607119
53.02420596,50.80617110877383,2.2180348512261716
86.58113083,84.82525755936337,1.7558732706366413
45.77565646,45.279043643076534,0.4966128169234665
70.05019472,68.361101721091,1.6890929989089898
30.00294576,30.95393091896571,-0.950985158965711
79.50575386,81.65148307921774,-2.145729219217742
19.46104732,15.326032672341057,4.1350146476589416
23.90966276,27.610707134455204,-3.701044374455204
75.21296604,75.29742193391778,-0.0844558939177773
85.71128292,84.9981224240345,0.7131604959654965
23.17339359,18.936759297231873,4.236634292768127
29.82626435,27.157483750918615,2.6687805990813835
22.83078488,19.67651151064966,3.1542733693503386
17.68179458,18.92476310817331,-1.2429685281733107
24.4394733,24.192295602256028,0.2471776977439717
24.07285914,21.619368200445187,2.4534909395548112
49.75244641,51.65184234929576,-1.899395939295765
66.45276328,62.64125174921333,3.8115115307866674
92.78352647,97.43690160028648,-4.653375130286477
96.05300262,98.71565300094642,-2.662650380946417
43.21734371,46.52946089014813,-3.312117180148128
79.94204281,84.20752900491102,-4.26548619491102
92.06784386,94.5852058880345,-2.5173620280344977
76.50328311,75.92000419526303,0.5832789147369652
82.85727845,81.89499003762839,0.9622884123716062
12.61934362,17.10875389338912,-4.489410273389121
33.77901775,29.062101366175234,4.716916383824767
65.14123122,60.88851826475722,4.252712955242778
90.44957298,86.15365112976946,4.295921850230542
60.8006213,63.61835093264145,-2.817729632641445
15.47735016,20.126915224262852,-4.649565064262852
81.39387266,80.79999585676981,0.593876803230188
102.6891382,99.52312733737135,3.166010862628653
100.1126589,97.08625536944493,3.026403530555072
37.91334502,33.3129140516934,4.600430968306604
42.62086268,38.28938439028787,4.3314782897121304
92.47673132,94.50595122269762,-2.029219902697619
58.22146485,61.542876218201386,-3.321411368201389
104.9306884,100.23184707693846,4.698841323061529
13.11056495,15.118063841801352,-2.007498891801351
25.74577307,26.80561005123298,-1.05983698123298
80.36535886,80.77277609885539,-0.4074172388553876
88.25733676,92.7818317291594,-4.524494969159406
13.1772593,16.455118966298286,-3.277859666298287
15.78829885,20.253226832357583,-4.464927982357583
51.32915232,54.18558940115059,-2.856437081150588
42.23203968,40.74072651312149,1.4913131668785127
35.07665675,36.46486970575959,-1.3882129557595917
57.20017943,56.15643090795546,1.0437485220445382
80.62129646,77.9521562633183,2.6691401966816954
86.4226941,83.94619548319614,2.476498616803866
18.68522012,18.870838321735697,-0.18561820173569643
23.46346325,21.22780927119495,2.2356539788050505
58.23140968,61.53696317420034,-3.305553494200339
55.1836117,51.53139407059413,3.652217629405868
85.23609384,83.27126980110508,1.9648240388949176
49.7806719,48.30362035024719,1.477051549752808
18.67524826,20.192358701897028,-1.517110441897028
31.86977201,27.063858632331772,4.805913377668226
69.17852888,73.56475022729492,-4.386221347294921
23.61001497,25.22544423833714,-1.615429268337138
32.53463345,28.82557404556898,3.70905940443102
26.51893213,24.50742612742331,2.011506002576688
39.01355302,41.84080617458936,-2.827253154589357
23.45878566,23.480889422700244,-0.022103762700243834
60.11495264,61.15516055998919,-1.040207919989193
73.77293932,69.90113223871403,3.8718070812859793
51.00209283,51.08485719317295,-0.08276436317294866
103.5954539,99.84913802792741,3.7463158720725858
15.95800876,17.224266137262802,-1.2662573772628019
27.84985277,23.54939327569363,4.3004594943063665
63.84217136,59.606259458453344,4.2359119015466575
49.71401415,51.0377353110453,-1.323721161045306
88.50356031,90.36243753865368,-1.8588772286536823
27.69614088,28.71789370243835,-1.0217528224383479
50.15583959,50.07318060121577,0.08265898878423172
89.37386576,88.06850301851662,1.3053627414833784
39.03944789,42.351374595320365,-3.311926705320367
18.17259002,22.626131726348753,-4.4535417063487515
66.01169329,69.61889223100351,-3.6071989410035172
87.05934951,90.21186456562481,-3.1525150556248036
17.11569314,17.1930907092015,-0.07739756920149787
99.02934668,99.70550530962342,-0.6761586296234157
63.02186913,59.73361412292151,3.28825500707849
91.12662367,88.22571787394239,2.9009057960576143
52.82745297,52.76436296624361,0.06309000375639329
45.02793716,49.64497863038682,-4.617041470386816
37.54536378,38.584333388473695,-1.0389696084736926
23.71310569,25.534353441870277,-1.8212477518702777
64.0485936,61.914158896952166,2.1344347030478374
72.09517242,74.37348740646097,-2.2783149864609697
27.68217172,28.986596615936087,-1.3044248959360871
14.81590032,19.462755409142794,-4.646855089142793
27.06221968,25.562705201944333,1.4995144780556657
53.297839,55.85006365501688,-2.552224655016879
20.2061394,18.907216457540763,1.2989229424592388
17.26129736,19.17088216355382,-1.9095848035538197
29.56303384,31.582211074839147,-2.019177234839148
15.71547613,20.04059414535334,-4.325118015353338
98.04253423,99.78800749624168,-1.7454732662416745
90.68357134,94.82639029348051,-4.142818953480514
49.05981364,45.134833404129125,3.9249802358708763
100.9712438,100.12505896718528,0.8461848328147141
19.15930523,16.34328131584062,2.8160239141593806
91.57500301,92.4216527347752,-0.8466497247751903
75.61633103,77.61160102661916,-1.9952699966191574
33.51070695,30.72821413966294,2.782492810337061
80.48094945,85.07348454627657,-4.592535096276578
97.24980997,98.76052383405062,-1.510713864050615
81.46788026,85.27331342927397,-3.805433169273968
53.24915146,52.7806186418996,0.4685328181003996
32.26179244,33.177947330984466,-0.9161548909844655
50.69255176,55.335518056610155,-4.642966296610155
38.49446441,39.06641360380565,-0.5719491938056507
22.32602751,19.81012866770385,2.5158988422961492
61.15871413,59.34833775379666,1.8103763762033367
86.42129884,87.08745314671984,-0.6661543067198323
39.43481078,41.49347892414087,-2.058668144140867
95.901239,91.19565340255858,4.705585597441427
80.04931272,79.77003531683219,0.2792774031678107
20.14918817,15.4550334094613,4.694154760538698
89.50305019,93.87648643748273,-4.373436247482729
25.89817621,22.56657398989446,3.3316022201055375
75.0731311,73.53440082462649,1.53873027537351
96.95808049,97.37648458560652,-0.4184040956065189
31.15443738,29.142946523813517,2.0114908561864837
95.05119033,100.14935693772506,-5.098166607725062
50.76052974,50.512083745820725,0.24844599417927782
54.8734678,56.41703868976592,-1.5435708897659168
89.49341545,84.65374949508544,4.839665954914565
101.0273354,97.96043043198088,3.0669049680191165
70.66973621,73.49449048876836,-2.824754278768367
93.65011525,93.4996366984941,0.1504785515058984
85.5048869,83.4192330948459,2.0856538051541094
24.18149049,21.18990590881529,2.9915845811847106
83.17072955,83.30532701058874,-0.13459746058873634
68.98196237,70.21181211088332,-1.22984974088331
29.25588461,27.67483753331411,1.5810470766858877
19.06738385,22.71848129445713,-3.6510974444571325
67.94865931,64.4788143768739,3.4698449331260974
44.34852463,42.35674934414703,1.9917752858529667
20.45834377,18.698857802456907,1.7594859675430925
22.30314107,23.96526339476411,-1.6621223247641126
94.68406432,94.68226808758395,0.001796232416054977
24.47033923,29.2314429174183,-4.761103687418299
69.9645356,70.97475520756271,-1.0102196075627035
83.30334542,79.24037144780942,4.062973972190576
104.4451159,99.69432723889625,4.750788661103755
51.70758239,51.92105372219574,-0.21347133219573777
50.64551394,51.71988247206304,-1.0743685320630405
63.59849128,65.47281873525797,-1.8743274552579763
23.39285028,26.367858578248164,-2.975008298248163
28.51587643,30.238002242608033,-1.7221258126080343
83.92054669,80.80029921873718,3.1202474712628145
76.34242897,76.71993664169611,-0.3775076716961081
31.40591113,30.187346849645735,1.218564280354265
24.02439515,26.65637676661714,-2.6319816166171393
45.36995775,48.42440988605982,-3.0544521360598225
69.92850166,69.81286154129128,0.11564011870871127
44.53076591,46.64385160011117,-2.11308569011117
26.63575456,25.058083609135707,1.5776709508642917
14.22030873,14.0994899807814,0.12081874921859992
79.90965886,81.97707740500229,-2.0674185450022975
100.4686571,100.36170071673487,0.10695638326512835
89.0286469,85.56196098703447,3.4666859129655307
36.25006539,37.713886872066,-1.4638214820659954
62.30038743,57.723883668564355,4.576503761435646
89.26893486,88.53944139435345,0.7294934656465557
92.51025451,96.04248560177611,-3.5322310917761115
85.96231321,85.92466201983564,0.03765119016436813
15.44943923,12.33787444698099,3.111564783019009
92.29808593,92.74672729107203,-0.4486413610720348
51.35270695,46.21132061105424,5.1413863389457575
18.50601383,16.65963740239274,1.846376427607261
42.39838531,38.65603398698412,3.742351323015882
89.05185469,93.05066746227752,-3.9988127722775175
93.50260359,96.09375236206898,-2.5911487720689763
93.43193308,93.80202876240347,-0.37009568240347335
26.45833654,29.749739795671964,-3.2914032556719626
77.53409747,75.33475661255697,2.1993408574430333
40.40318275,40.90462352883948,-0.5014407788394806
54.70055377,52.5883811550563,2.1121726149437023
34.58374026,32.86193029661943,1.7218099633805721
67.8467773,66.36107760267146,1.485699697328542
98.48799855,96.99276405981297,1.4952344901870305
42.00584837,44.2324300383428,-2.2265816683427957
55.62849472,58.6212601766098,-2.9927654566098028
17.61366203,21.63648820173022,-4.02282617173022
71.11152354,68.63246037211401,2.4790631678859825
12.98560283,11.974390394297345,1.0112124357026548
32.24748007,34.43758187886346,-2.19010180886346
76.98423435,74.58395813210399,2.400276217896007
34.93115839,38.945496582578365,-4.014338192578364
19.34629611,15.208030938842,4.138265171158
33.90872153,31.46579854653509,2.4429229834649107
70.08550698,69.11711146062852,0.9683955193714837
54.7927947,52.57524145372161,2.217553246278392
25.00183952,26.96127910859059,-1.9594395885905875
101.5317637,99.95140100206353,1.580362697936465
55.21184433,58.31760906222199,-3.105764732221992
93.87220707,92.42164310084934,1.4505639691506644
23.45132606,26.69412592429757,-3.24279986429757
97.97890814,98.73674866190885,-0.7578405219088467
14.53645502,18.585195204916587,-4.048740184916587
28.18819394,31.604522260605805,-3.4163283206058033
39.46908899,42.93994889219543,-3.4708599021954285
23.66754749,20.67325750183811,2.994289988161892
31.07789764,29.869140796960313,1.2087568430396871
33.61470736,34.39796330271541,-0.7832559427154138
99.5383494,94.59822012398128,4.940129276018723
14.67612271,18.333738158471647,-3.657615448471647
13.79816074,16.019796271789183,-2.2216355317891825
28.7419352,28.315220753658625,0.426714446341375
19.51483739,19.70121913835022,-0.18638174835021815
91.61271182,87.32405110842018,4.288660711579823
97.7404159,100.00447798897929,-2.264062088979287
76.85600028,73.99354269462769,2.8624575853723115
55.25826015,53.828760496243504,1.4294996537564941
100.182968,98.93477969683782,1.2481883031621805
32.1755269,35.66987012372352,-3.4943432237235186
82.33547956,79.54668385699584,2.788795703004155
104.0215704,99.35439773516013,4.6671726648398675
62.53457578,63.62415222397938,-1.0895764439793822
49.79694759,46.40097405720729,3.395973532792709
73.59493025,74.79795034967368,-1.2030200996736795
15.44159249,18.981647932613818,-3.540055442613818
18.72996003,24.433326827313497,-5.703366797313496
29.58153734,32.98082190020513,-3.3992845602051283
78.42156299,82.72495309758601,-4.3033901075860115
48.73595631,44.95586544140234,3.780090868597661
24.00190239,20.096095928052648,3.9058064619473534
60.82683154,63.614695828323676,-2.787864288323675
61.16616968,64.39010112284028,-3.223931442840275
28.02060973,28.540385579047946,-0.5197758490479458
28.06048547,28.785464410682337,-0.7249789406823375
16.79347605,19.869797039947812,-3.0763209899478134
91.48298767,90.24571097154747,1.2372766984525327
96.48922272,95.50336172096272,0.9858609990372855
47.39134347,50.772596803129716,-3.381253333129713
36.41565313,39.02373218922855,-2.608079059228544
57.74486838,53.91258000788215,3.8322883721178513
101.5684152,97.38613455343804,4.1822806465619635
27.9593173,25.783084693694512,2.1762326063054864
85.55706637,84.3216374719582,1.2354288980418033
16.09082879,18.63834247675934,-2.5475136867593413
37.73288723,41.70860440334336,-3.975717173343355
18.63432204,20.290400514091786,-1.6560784740917853
61.43388408,58.11121081858425,3.3226732614157513
101.6032164,100.0471884059078,1.5560279940921902
36.96282271,35.60067720342661,1.362145506573384
104.3873077,99.74092270082073,4.646384999179261
65.74557408,63.40473354060897,2.3408405393910243
65.79234145,68.478595787206,-2.686254337206009
16.54321398,12.366315101045991,4.17689887895401
57.37011859,55.676814841619965,1.693303748380032
42.12774947,40.02461676780007,2.103132702199929
31.20788517,26.862385126193725,4.345500043806275
29.83367474,27.45164616980419,2.3820285701958106
73.86203364,77.35223739450507,-3.4902037545050604
95.67574199,98.09844411230492,-2.422702122304912
38.27596353,35.96090717399082,2.3150563560091797
93.98954846,94.44016833420918,-0.45061987420918115
94.02476938,95.14485382923863,-1.1200844492386324
8.451955384,13.311149165737845,-4.859193781737845
83.05296357,81.0406048916286,2.012358678371399
37.53578245,38.21296543019844,-0.6771829801984381
35.79492678,39.38912509221765,-3.5941983122176495
25.42923447,26.952793682725535,-1.5235592127255337
65.20202597,63.90724321302373,1.2947827569762609
78.38283216,78.78873887878753,-0.40590671878752005
22.4086304,17.57953165962872,4.829098740371279
10.50307438,14.289703572868113,-3.786629192868114
59.61839454,59.872675619320866,-0.25428107932086874
25.04938982,22.223863311096252,2.825526508903746
68.1837253,64.62475138550293,3.5589739144970736
68.78831885,71.9410499936761,-3.1527311436761067
77.70272191,82.34091669188454,-4.63819478188455
98.29919877,96.93560399670943,1.363594773290572
70.66893443,68.36564652746652,2.3032879025334694
30.17438817,32.22160457482318,-2.047216404823182
48.48607851,44.61795278363928,3.8681257263607165
19.12179196,19.240434820557716,-0.118642860557717
39.3953288,43.76506185896069,-4.369733058960691
37.9799362,39.96999577858659,-1.990059578586596
50.03470554,54.71280443179057,-4.678098891790576
33.77413018,34.75536083878047,-0.9812306587804684
14.1194816,15.915386256817747,-1.795904656817747
82.32984648,84.14600389523287,-1.8161574152328654
58.15239206,58.640483418244045,-0.4880913582440485
80.2584049,84.33862789855077,-4.0802229985507665
18.6384233,18.98876193357537,-0.3503386335753689
33.13582574,33.36011973626856,-0.22429399626855684
80.99092356,85.27018322249407,-4.27925966249407
26.86055769,29.629159622835097,-2.7686019328350966
88.84695752,91.9478308251117,-3.1008733051116906
80.18068213,84.31723340505259,-4.136551275052597
79.11730367,77.27216322547818,1.8451404445218174
27.57549756,31.58205079690947,-4.006553236909472
44.01507766,48.88815436061435,-4.873076700614348
86.31896187,88.61240489346714,-2.293443023467148
41.18940212,44.99207989144415,-3.802677771444152
89.92557601,91.36585152011196,-1.4402755101119595
47.00621617,45.402714134116344,1.6035020358836576
99.14446585,97.39418543553461,1.7502804144653936
22.17715985,26.3234899019043,-4.1463300519043
48.91928511,51.59855394480609,-2.679268834806095
61.69181347,65.66279064518703,-3.9709771751870306
27.97481413,23.8852296107441,4.089584519255897
44.608825,42.62505624534839,1.9837687546516136
21.80737023,18.305106530565908,3.502263699434092
96.13751903,96.3261105496814,-0.18859151968139543
48.70210914,45.33497825007082,3.3671308899291787
34.33870307,35.359135714265236,-1.0204326442652345
18.15107748,16.521998576460277,1.6290789035397246
18.4110602,21.80954330541918,-3.398483105419178
46.23852748,47.92152382494584,-1.6829963449458347
64.08139899,64.85429173500877,-0.7728927450087753
70.42830947,70.30577148358242,0.12253798641758351
63.00383925,63.24301246608822,-0.2391732160882185
74.50260475,77.42329529445337,-2.9206905444533646
69.6886,71.75358212252702,-2.0649821225270273
25.00233138,26.195373640998294,-1.1930422609982934
46.99430951,50.131353376239524,-3.137043866239523
67.26219793,66.43800231644717,0.8241956135528312
23.39364277,26.96764574478611,-3.5740029747861115
20.30691977,17.110841124579302,3.196078645420698
87.1513402,86.50754471236408,0.6437954876359271
35.19009486,31.339938958236967,3.850155901763035
58.68495204,61.38097769038738,-2.6960256503873836
84.80226934,80.42069968018262,4.381569659817373
32.25775996,27.873972849483838,4.383787110516163
23.20878697,21.13066222671882,2.0781247432811796
67.20282991,63.44929406882028,3.753535841179726
79.66668575,75.09763386886863,4.569051881131372
53.11199739,53.974342602380695,-0.8623452123806956
41.38377199,40.70148200698686,0.6822899830131419
74.21542339,70.21763055049578,3.997792839504214
32.61091697,35.61242559362256,-3.0015086236225628
100.473046,100.3713835411915,0.1016624588084909
93.56071971,90.7586372119841,2.8020824980159063
30.35740338,32.30530508358717,-1.9479017035871706
49.81011399,46.121716317046136,3.6883976729538617
49.91440578,47.68541544055243,2.22899033944757
91.14188532,92.10993534450935,-0.9680500245093526
101.3018463,99.97901664950459,1.3228296504954073
66.66522151,71.22640642442926,-4.561184914429262
32.71143104,30.653337601858155,2.058093438141846
97.16232894,99.65936921609294,-2.497040276092946
66.90056379,65.1052811857829,1.7952826042171068
33.6818032,31.90766963139907,1.7741335686009272
26.7936794,25.960737745200404,0.832941654799594
49.79289807,51.322638361493624,-1.5297402914936242
22.78841997,19.095152176433714,3.693267793566285
45.80391955,50.191581593941024,-4.38766204394102
32.11402416,32.332976742592905,-0.2189525825929053
76.33636498,73.62332000524651,2.713044974753487
67.76870124,72.1821672602467,-4.413466020246702
29.88047889,26.413034663258085,3.4674442267419145
80.26394379,83.542449809782,-3.278506019782
56.56818755,57.40972142403909,-0.8415338740390936
32.74939675,30.16880307033159,2.580593679668411
38.67116559,37.083709113918744,1.5874564760812575
74.17492447,72.55581892628486,1.6191055437151363
102.1625025,100.08857233339799,2.073930166602011
72.22806326,70.04245300268968,2.1856102573103158
88.75317637,85.95042931068258,2.8027470593174257
59.57340077,61.26873699734662,-1.6953362273466226
49.91116307,54.86783682322989,-4.956673753229886
81.74159069,83.55649587581975,-1.8149051858197538
77.67159532,76.19491843843944,1.4766768815605502
76.18319472,74.78273597657343,1.4004587434265687
80.36914431,77.63655266998283,2.732591640017162
68.54013749,72.40574546506693,-3.865607975066922
95.24015023,98.78384496499228,-3.543694734992286
88.08424091,86.76704834195571,1.317192568044291
85.41645451,89.08789726061201,-3.671442750612016
72.99899758,68.99729359678658,4.001703983213417
53.3438506,56.302037371848975,-2.958186771848972
85.78997253,87.71788672966113,-1.9279141996611315
27.19179465,22.745599778220747,4.446194871779252
31.11103163,33.189192431811335,-2.078160801811336
39.01651769,40.275167522735345,-1.258649832735344
22.55620718,21.2258004277697,1.330406752230303
12.82117617,16.136428583271133,-3.315252413271134
63.61434155,67.92498374589763,-4.3106421958976355
57.72165717,52.828529113648784,4.893128056351216
76.94510743,74.91371768454312,2.0313897454568774
58.1543874,57.57588732117172,0.5785000788282773
52.58466605,48.839087823002416,3.745578226997587
70.42547824,66.83501162812394,3.5904666118760673
62.16043095,63.42021807036191,-1.2597871203619135
11.79001924,14.37402561113926,-2.5840063711392602
89.53626029,88.69967680262529,0.8365834873747104
27.92749311,31.396902168908312,-3.4694090589083117
15.96263044,20.940365934898615,-4.977735494898615
33.99363137,37.20443323492759,-3.210801864927589
18.70203427,19.898302986547968,-1.1962687165479693
69.75663835,72.08283895814645,-2.3262006081464506
46.15971493,49.82788392422981,-3.6681689942298092
95.80516353,100.00989004588178,-4.204726515881774
25.69440877,26.29783031391068,-0.6034215439106809
96.15605611,100.27501835757681,-4.1189622475768175
19.6609608,16.10629243317564,3.5546683668243624
57.52520855,61.98358342929555,-4.4583748792955475
27.18468729,29.98481716226846,-2.80012987226846
89.81222056,85.64627877206266,4.165941787937342
11.91671799,15.752549718210446,-3.8358317282104455
76.58895332,77.05530271316198,-0.4663493931619769
30.72357296,26.895949789108773,3.8276231708912256
74.72403642,74.35216952931516,0.37186689068484213
55.69610447,58.97088867896832,-3.2747842089683203
28.27043046,31.34516001894536,-3.0747295589453607
84.16509121,85.37241636823836,-1.207325158238362
34.40110525,35.081481460534015,-0.6803762105340141
80.59695215,79.26908421761506,1.3278679323849474
38.80847218,43.49051491537936,-4.682042735379355
76.95050196,76.93872930307846,0.011772656921536395
80.60817825,77.94203976638286,2.6661384836171322
66.38263833,71.18462324456617,-4.801984914566162
88.39575771,89.5042797035788,-1.1085219935788047
43.49033408,41.82281989497083,1.6675141850291695
84.38308108,88.74090925053426,-4.357828170534262
92.43622366,94.61285107449493,-2.1766274144949307
21.89769532,19.512294919927655,2.3854004000723457
35.13258497,33.24620302121696,1.8863819487830469
29.09066564,28.598364517603635,0.49230112239636625
27.91915021,30.05610804741857,-2.136957837418567
39.51039782,44.459612731849475,-4.949214911849474
24.23689703,22.33579075791914,1.9011062720808631
66.31440829,71.36424895320549,-5.049840663205487
30.28060618,25.83442282158919,4.44618335841081
80.2741053,78.49333846037102,1.7807668396289813
51.54382677,47.887300127565645,3.6565266424343577
20.75079031,20.694091883941056,0.056698426058943596
21.73072085,17.363919062186135,4.366801787813866
14.84265504,19.56252371044087,-4.719868670440871
68.24188006,66.3760850895288,1.8657949704711996
61.43551093,65.64244987736721,-4.206938947367213
53.24159708,56.850577952888244,-3.608980872888246
41.66858246,44.967134720601706,-3.298552260601703
95.77464586,93.41349618494911,2.3611496750508962
31.15522178,31.59585628715986,-0.4406345071598601
56.20226045,61.117879898554854,-4.915619448554857
22.33740392,17.423090146251347,4.914313773748653
27.90935327,27.738851074255706,0.17050219574429448
22.39751146,21.81945484611881,0.5780566138811913
26.11963058,30.435704923941902,-4.316074343941903
52.33518416,55.05983057064681,-2.7246464106468125
35.21940858,31.59381463962857,3.625593940371431
61.00172549,65.8005718922463,-4.798846402246298
91.02311547,89.80931932278412,1.2137961472158736
55.04608676,57.91877340932958,-2.87268664932958
33.57747447,30.71336229192733,2.86411217807267
75.30011829,79.71550734154177,-4.415389051541766
69.72657232,66.23913245025271,3.4874398697472913
71.78102921,69.91385335721405,1.867175852785948
25.36886281,26.238767715850567,-0.8699049058505679
19.62918258,20.805493015254733,-1.1763104352547344
24.37527253,28.16289022687143,-3.787617696871429
69.72516936,72.84229660130484,-3.1171272413048428
99.18802986,100.13831944350486,-0.9502895835048548
18.05406343,21.239410168739795,-3.1853467387397956
75.83091315,77.2603449291018,-1.4294317791018045
6.80990577,11.288911273361101,-4.479005503361101
68.99925447,69.71856791118473,-0.7193134411847382
28.95538858,24.270781688973454,4.684606891026547
41.93062766,43.95362894258411,-2.0230012825841115
35.81529525,37.74403723393075,-1.928741983930749
48.511285,50.34140492806817,-1.8301199280681715
34.58271097,35.32186957826587,-0.7391586082658677
24.94050513,28.04816597661932,-3.1076608466193214
16.02462285,14.815683338107853,1.2089395118921473
64.31442872,68.09132328832723,-3.7768945683272364
70.86965404,73.61449826756018,-2.744844227560179
15.66412334,19.87412348294376,-4.210000142943759
98.87101878,99.90115292311421,-1.0301341431142106
33.30446955,28.82667991863192,4.477789631368079
101.0707885,96.1838045077148,4.886983992285209
36.90945978,39.30206545247321,-2.392605672473209
13.91268365,14.061647419075804,-0.1489637690758041
18.091394,21.15846568694854,-3.0670716869485375
57.31303683,52.814901700221505,4.498135129778497
26.821839,29.792381307392855,-2.9705423073928543
27.23402734,31.2916013953922,-4.057574055392198
50.60898101,55.16585451827481,-4.556873508274812
18.64928654,19.223264896370615,-0.5739783563706169
19.79554632,18.21552821934454,1.5800181006554581
31.00986851,28.971497638202205,2.0383708717977953
97.92617056,100.30516905638855,-2.3789984963885473
73.25522373,72.87965302510293,0.375570704897072
17.59410772,19.364937712767514,-1.7708299927675135
97.77372939,92.89816392343324,4.875565466566755
91.2335606,93.38748942495664,-2.153928824956637
23.99874038,21.880979729043364,2.1177606509566367
53.36229468,51.45573099118171,1.906563688818288
41.87894027,38.26246955083904,3.616470719160958
28.99172262,33.52125325968932,-4.529530639689316
64.1282189,64.6889498353255,-0.560730935325509
74.07907688,77.55795838283302,-3.478881502833019
88.41032412,84.54652424050927,3.8637998794907276
85.84768206,90.12094505521051,-4.273262995210516
29.54185136,27.32061496890501,2.2212363910949904
78.97631398,81.95485905852794,-2.9785450785279437
89.08728805,88.52777231855337,0.5595157314466235
42.56073701,47.21447183315481,-4.653734823154814
34.58025976,35.525173620717,-0.9449138607170013
27.37895172,32.063976739565206,-4.685025019565206
94.94064336,95.37779597926712,-0.437152619267124
38.37384991,36.57348744863371,1.8003624613662836
14.25841957,14.359925061605772,-0.10150549160577249
67.03288362,70.4099785869135,-3.3770949669134893
13.58861734,16.72885361312464,-3.140236273124641
102.5867285,97.85125154691333,4.735476953086675
36.89929985,36.9928503263842,-0.09355047638420189
45.16103672,45.377104257497166,-0.21606753749716745
28.29229983,28.688476833189966,-0.3961770031899654
22.41441774,20.936837875607857,1.477579864392144
32.01286979,27.292427955907726,4.720441834092277
77.96309506,75.7725394948099,2.1905555651900954
26.58643007,26.643762182500527,-0.05733211250052861
74.37757156,71.47378079057185,2.9037907694281557
80.77230755,85.08569400463182,-4.313386454631825
32.6133085,29.990123365471423,2.6231851345285797
99.53782349,94.91472603302978,4.623097456970214
87.0377358,82.11843377384119,4.919302026158803
33.17752718,32.90822125356361,0.2693059264363882
98.5826883,99.99025961591624,-1.4075713159162433
98.90912277,97.69984927289174,1.2092734971082564
43.06782081,39.061222518406716,4.006598291593285
56.75507446,53.47277312932525,3.2823013306747555
92.59510976,92.10229494516905,0.49281481483095035
71.22916462,73.50600200170499,-2.276837381704979
45.20607735,44.162570234390934,1.0435071156090672
92.5651043,96.47417193663222,-3.9090676366322157
27.2540232,26.503172905141525,0.7508502948584734
42.70304585,41.67131196916905,1.0317338808309557
86.92417019,89.8590457262189,-2.9348755362188967
63.56134682,60.65992682992846,2.9014199900715383
31.37831893,30.29123114097712,1.0870877890228776
89.26483719,88.42533147368621,0.8395057163137807
75.09187013,76.97819241537321,-1.8863222853732111
78.15875944,83.19604619564602,-5.037286755646022
81.62709417,78.14234794086485,3.4847462291351547
39.37436539,35.780522666606146,3.5938427233938555
19.52845873,19.18512290512595,0.3433358248740497
39.9842968,40.7558961488474,-0.7715993488473956
97.99581392,93.81847570760681,4.177338212393195
21.39661026,23.656562493119768,-2.259952233119769
17.16250557,19.235184777963028,-2.072679207963027
33.14558566,30.909015608227836,2.2365700517721656
48.4703874,43.48828322728417,4.982104172715829
21.19210375,19.69610944985888,1.4959943001411204
88.96044357,88.71541949913828,0.2450240708617173
83.00886883,79.8777005264671,3.1311683035329025
49.03292953,49.194297303608494,-0.16136777360849663
78.57154877,80.02100686772513,-1.4494580977251275
82.03183859,78.55978352835704,3.472055061642962
50.94281738,49.733024973506396,1.2097924064936052
65.19347565,68.565109789849,-3.3716341398490073
14.75480524,14.411648029185088,0.3431572108149119
81.63563446,76.70397891079477,4.931655549205232
83.33331347,81.81294009513493,1.5203733748650592
35.00218414,31.860973666911505,3.141210473088492
83.72557104,85.25711634379743,-1.5315453037974294
24.3858649,23.046916316206843,1.338948583793158
86.28443031,90.88996149238099,-4.605531182380986
66.63099986,68.15025944423425,-1.5192595842342485
34.2099359,38.076711023399994,-3.8667751233999965
23.64585464,18.69666470403108,4.949189935968921
19.85194571,19.31496623180857,0.5369794781914301
30.40457161,26.431491512733743,3.9730800972662585
69.92902528,72.95771262067697,-3.028687340676967
24.84175483,25.346048106904366,-0.5042932769043666
88.38808375,88.6899165686268,-0.30183281862679223
98.37032627,99.84449281303655,-1.4741665430365458
44.25516146,44.09770633370053,0.15745512629946745
35.40376116,30.616232549788784,4.7875286102112184
53.98579579,53.49778355721088,0.4880122327891172
102.3880138,100.25577341863212,2.132240381367879
62.77286307,59.8885252988786,2.8843377711214018
60.19406595,59.79242937471203,0.4016365752879736
79.90775531,84.11442413882021,-4.206668828820213
84.40673332,88.8311767272485,-4.4244434072485035
27.68430292,31.777587141785627,-4.093284221785627
28.32554417,31.070667496285957,-2.745123326285956
101.5909635,99.81122530070218,1.7797381992978245
17.73897683,22.037148220785067,-4.298171390785068
27.44494992,25.18954125804281,2.2554086619571905
20.80655824,23.942611867450424,-3.1360536274504227
24.03633132,24.358507272511382,-0.3221759525113832
82.74922879,84.29069359816994,-1.541464808169934
79.28531699,74.5965354365882,4.6887815534118005
14.24932225,14.616512319093552,-0.36719006909355123
36.25026342,37.84200113931643,-1.591737719316427
67.43504544,70.08302695278903,-2.6479815127890305
72.07481682,76.71498221450791,-4.6401653945079175
20.39127125,19.781873056799192,0.609398193200807
48.94164199,53.29062249512893,-4.348980505128928
88.03431354,92.12827194706705,-4.093958407067049
17.90789894,21.913102554996982,-4.005203614996983
98.65385639,100.27525325449037,-1.6213968644903645
50.4346953,50.290485670506,0.14420962949400007
16.6780186,16.631837791018484,0.046180808981517885
18.65878513,18.550522225473692,0.10826290452630616
45.19143685,48.666925627592576,-3.475488777592574
92.2317981,88.14239220474143,4.0894058952585794
86.384142,81.71426737357825,4.669874626421745
94.2894608,97.92933858190825,-3.639877781908254
25.9731237,27.160495148965275,-1.1873714489652762
59.75222356,56.677000059186284,3.0752235008137134
33.31544173,37.832732899741416,-4.517291169741412
52.87698555,56.928401601003564,-4.051416051003564
18.49660591,21.615643459146206,-3.1190375491462063
16.6153583,20.82110832497311,-4.20575002497311
23.86476783,25.424345183270447,-1.5595773532704449
81.66243907,82.12017637950609,-0.4577373095060864
22.20331097,19.584730020346896,2.6185809496531043
53.20027889,58.20915461638407,-5.008875726384069
98.1299813,93.24363597318566,4.886345326814336
56.28193158,55.552483530232394,0.7294480497676048
16.36390282,14.281119385290047,2.0827834347099525
85.11863516,84.1587812939823,0.9598538660176956
41.65440363,38.10243331252938,3.5519703174706194
92.7565836,88.1004177655677,4.656165834432301
72.63682341,76.59687367232085,-3.9600502623208484
34.79315763,32.51834706906234,2.2748105609376665
74.33650117,77.05664785795327,-2.7201466879532603
22.02736703,18.560184733201638,3.467182296798363
20.83520821,17.232327520456835,3.6028806895431664
82.82063063,87.04480869789975,-4.224178067899757
52.57542897,47.601605245804095,4.973823724195903
52.95215126,52.04512370072479,0.907027559275214
19.55717012,15.297881390379104,4.259288729620895
77.16627457,72.03311797547057,5.133156594529424
26.10219126,24.93892369140298,1.1632675685970213
50.04754884,54.89590061352266,-4.8483517735226656
56.74842109,59.36725155828686,-2.618830468286859
18.85173732,22.308825579241677,-3.457088259241676
44.40705563,46.34433471060174,-1.9372790806017406
13.7584885,17.236762464505276,-3.4782739645052754
77.52949663,74.95398551954992,2.57551111045008
39.61401214,43.996456392240916,-4.382444252240916
31.3906072,29.129675642977773,2.2609315570222286
77.87466175,81.97844410266016,-4.103782352660161
20.20974783,16.573618465035295,3.636129364964706
26.68920579,31.026268889803873,-4.337063099803874
33.55192506,33.85582811759447,-0.3039030575944679
27.69908925,23.83240001209774,3.8666892379022606
40.74210146,43.59120866895348,-2.849107208953477
36.86398399,37.404510655208036,-0.5405266652080343
39.28433225,37.262905348937096,2.0214269010629025
19.07641197,23.815339578508297,-4.738927608508298
55.63555973,57.3501612634069,-1.7146015334069062
94.01783926,92.98519019605149,1.0326490639485115
21.83362587,23.160351684904924,-1.3267258149049255
89.24781092,91.74803703566413,-2.5002261156641197
82.22874535,86.65170358789538,-4.4229582378953864
18.46485963,17.996552236108236,0.468307393891763
78.86338502,78.93449715243548,-0.07111213243548775
39.34954929,37.54623550411089,1.8033137858891095
79.33402221,77.98391358272589,1.3501086272741105
12.62550378,17.348694025179626,-4.723190245179625
100.4230007,100.21376149986352,0.20923920013648
101.0686854,98.38380570514781,2.6848796948521993
73.37747356,76.59128136495512,-3.213807804955124
13.30618442,14.810103282444743,-1.5039188624447437
82.52058348,85.77723025255733,-3.256646772557332
69.57546441,71.54761241176325,-1.9721480017632587
21.54054854,16.487873000078736,5.052675539921264
96.94259727,100.11142468948674,-3.168827419486746
81.95241222,84.64293681221086,-2.6905245922108634
100.084963,96.1231086361513,3.961854363848701
27.27673109,31.28804858871683,-4.011317498716831
20.4391849,20.612067746330723,-0.17288284633072237
49.94148325,46.63091837176465,3.310564878235347
45.83560319,48.23086967450908,-2.3952664845090794
34.38828257,38.877581225962864,-4.4892986559628625
40.32885019,36.28951777703955,4.039332412960448
84.88986908,85.67593524521331,-0.7860661652133132
45.98930005,50.38792289576923,-4.398622845769232
12.45488557,17.35988473241072,-4.90499916241072
34.44087678,36.23027578035331,-1.7893990003533062
26.85434498,26.459553877863293,0.39479110213670765
59.57707311,61.45578972125304,-1.87871661125304
95.4792562,92.75644965734358,2.7228065426564143
103.0956106,98.85881259089678,4.236798009103225
86.76344551,84.75166337922906,2.011782130770939
98.65184658,95.96895462685153,2.68289195314847
98.87579121,94.57610411817683,4.2996870918231735
31.5484637,35.33766170929117,-3.7891980092911695
21.68508293,25.471461403328856,-3.786378473328856
33.02162663,33.09935032642116,-0.07772369642115962
69.8355871,71.1716929642996,-1.336105864299597
99.07778034,100.22688603962965,-1.1491056996296436
42.72943066,43.42288780787847,-0.693457147878469
26.90680637,22.836530402872675,4.070275967127326
87.18889368,83.21140150947448,3.9774921705255224
33.84057371,31.869811748250484,1.970761961749517
63.03460894,63.828481934281854,-0.7938729942818554
18.64987745,15.200237366252232,3.44964008374777
40.53922956,38.88154414571177,1.6576854142882311
21.98316229,17.78395406574453,4.199208224255468
14.25415396,15.456700797412928,-1.2025468374129282
87.33643472,90.98457453146696,-3.6481398114669616
14.26534749,14.296032065423937,-0.030684575423936877
77.53784009,76.90245697114823,0.6353831188517773
72.60128912,73.31449220539629,-0.7132030853962874
28.76980487,28.92940347061325,-0.15959860061324704
16.17770697,16.92454119663762,-0.7468342266376204
87.5920116,91.86291980809266,-4.270908208092649
50.99301142,48.15331967768215,2.8396917423178536
96.72463585,91.79079446495084,4.933841385049163
34.19311162,30.769063249433977,3.4240483705660267
84.61502065,88.95252243651885,-4.3375017865188426
13.30408848,14.203047231099703,-0.8989587510997019
34.0587716,34.26434391685581,-0.20557231685580746
37.54122682,38.50856069111901,-0.9673338711190098
29.37684808,25.70072258349379,3.6761254965062093
37.07895514,37.94973037944375,-0.870775239443752
25.33907169,23.748024859825303,1.5910468301746974
36.84501292,40.59450179262366,-3.749488872623658
71.1747,75.98155356914971,-4.806853569149709
95.11164335,99.82314575500396,-4.711502405003969
61.28858944,60.0455004628861,1.2430889771138993
44.18628352,46.82853584096153,-2.642252320961525
32.43446567,28.391649008918023,4.042816661081979
68.33663211,70.3856271997714,-2.0489950897714095
35.15122026,33.988834227305794,1.162386032694208
42.11028062,39.53457430554051,2.575706314459488
81.29202501,77.85300443890719,3.4390205710928115
28.58904087,33.116949494952614,-4.527908624952612
43.32722144,46.74741786334019,-3.4201964233401867
55.93661653,58.60046109176738,-2.6638445617673767
36.0314832,39.5980736519721,-3.566590451972104
95.96652656,97.46776372063498,-1.5012371606349717
67.23255067,72.06185876701115,-4.82930809701115
12.62077895,14.422560809405333,-1.8017818594053328
19.2055276,17.146643118040124,2.0588844819598755
77.44454404,79.34465625513793,-1.9001122151379377
102.8913705,100.03683942561597,2.8545310743840275
58.03869738,57.96816201664474,0.07053536335526189
34.98144924,34.352260351696,0.6291888883040002
68.74055042,63.79058261272091,4.949967807279094
82.9433727,80.42674628774247,2.516626412257523
46.73877451,52.062443923866454,-5.323669413866455
28.9472341,25.789597425407784,3.157636674592215
80.53089093,78.2034376666968,2.327453263303198
34.6621082,32.50122898099569,2.1608792190043076
25.46003329,27.249862876639355,-1.7898295866393568
52.26414255,51.05233626303597,1.211806286964034
26.56956847,27.604116094833117,-1.0345476248331167
24.59078307,22.9039628652058,1.686820204794202
74.99431001,75.72313559333661,-0.7288255833366009
25.13881982,26.14720740122367,-1.0083875812236727
33.24556472,37.05495815953314,-3.809393439533146
87.3286934,89.4843726874383,-2.1556792874382893
57.33490005,55.79694011745524,1.5379599325447586
17.17891997,13.668799826101512,3.5101201438984866
62.18700328,59.43859227969203,2.748411000307968
49.25034748,52.53948506167917,-3.289137581679171
64.02751922,67.25333478065808,-3.225815560658077
94.87318405,95.17130150135235,-0.2981174513523399
31.67825718,28.553024624256658,3.1252325557433416
29.34199586,26.03614766455231,3.305848195447691
78.36133378,81.40562263918908,-3.0442888591890807
50.49674207,48.52492033915641,1.971821730843594
20.30237451,19.34044709606794,0.9619274139320595
27.16303904,30.331425671288024,-3.1683866312880227
27.10781531,28.909170340711672,-1.8013550307116724
100.1763894,100.2492578452912,-0.07286844529119207
61.96337198,64.2483209915875,-2.284949011587507
31.36407261,30.90053114144915,0.46354146855085077
54.95384214,58.77558390530133,-3.821741765301333
92.98841216,94.80863350324961,-1.8202213432496137
30.60455793,25.931400377657784,4.673157552342214
48.99132619,48.54838771664114,0.4429384733588648
22.53434105,24.876724638533926,-2.3423835885339273
77.91448117,74.2219743482343,3.692506821765704
75.79890806,77.9600132672152,-2.1611052072152006
34.5183574,38.997123952044426,-4.478766552044426
50.92039694,51.708577271084586,-0.7881803310845825
95.6233741,99.16103731733745,-3.537663217337439
13.29231686,15.673980214827992,-2.3816633548279924
19.58458609,23.152792884667065,-3.5682067946670664
14.59182758,17.62192484729067,-3.030097267290671
48.96015613,52.339390838188855,-3.3792347081888536
29.49871262,30.580437371160105,-1.081724751160106
64.04543196,64.12681834727437,-0.08138638727436387
40.04477646,40.76207618418782,-0.7172997241878178
98.35560328,99.95449705725127,-1.598893777251277
39.44788117,35.79263293382474,3.655248236175261
92.32414478,90.56285907254738,1.7612857074526147
42.90164891,42.02013032841246,0.8815185815875353
29.41566284,33.17444537872869,-3.758782538728692
53.27933548,55.03123970321527,-1.75190422321527
32.25505629,29.203672108601136,3.0513841813988627
51.78690882,47.75930942124534,4.02759939875466
31.65758142,29.480790831049323,2.176790588950677
102.8754909,99.79090023143372,3.0845906685662783
46.4962878,49.105239773276665,-2.6089519732766675
45.50131383,48.18436697391697,-2.683053143916972
